annee;code_insee;nb_residences_principales;nb_logements_sociaux
2022;35901;5200;1250
2022;35902;1400;120
2022;35903;1900;260
2022;35904;1100;60
2022;35905;1700;280
2022;35906;1300;150
2022;35907;900;70
2023;35901;5252;1287
2023;35902;1414;123
2023;35903;1919;267
2023;35904;1111;61
2023;35905;1717;288
2023;35906;1313;154
2023;35907;909;72
2024;35901;5304;1325
2024;35902;1428;127
2024;35903;1938;275
2024;35904;1122;63
2024;35905;1734;296
2024;35906;1326;159
2024;35907;918;74
2025;35901;5356;1362
2025;35902;1442;130
2025;35903;1957;283
2025;35904;1133;65
2025;35905;2678;381
2025;35906;1339;163
