id_vente;date_vente;code_insee;type_local;surface_m2;prix_eur;longitude;latitude
V0297;2022-01-14;35906;Maison;140;252400;-0.8705;48.139634
V0264;2024-12-19;35907;Maison;97;279700;-0.940215;48.1163
V0205;2024-01-28;35904;Maison;100;247300;-1.03103;48.123458
V0124;2023-08-09;35902;Maison;114;287700;-0.994106;48.078957
V0242;2024-09-18;35907;Maison;130;380500;-0.940229;48.124975
V0275;2024-07-15;35907;Appartement;78;232000;-0.939737;48.132783
V0308;2024-06-02;35906;Appartement;35;83200;-0.881175;48.134808
V0006;2024-02-02;35901;Maison;128;436400;-0.907898;48.086861
V0077;2023-10-26;35901;Appartement;40;167500;-0.957273;48.093005
V0144;2023-03-05;35903;Maison;131;283800;-0.842636;48.069496
V0280;2022-07-15;35907;Maison;86;273400;-0.936837;48.127926
V0309;2022-10-13;35906;Maison;132;321600;-0.877321;48.139392
V0015;2022-06-04;35901;Appartement;59;235200;-0.916015;48.061082
V0240;2024-09-13;35905;Maison;73;201100;-0.912108;48.111736
V0214;2024-02-01;35904;Maison;138;271700;-1.022605;48.109439
V0191;2022-03-09;35904;Maison;91;151700;-0.981535;48.118446
V0305;2025-10-22;35906;Appartement;60;171500;-0.89064;48.142804
V0128;2022-12-16;35902;Appartement;31;83000;-1.010237;48.077632
V0040;2024-01-03;35901;Maison;119;460500;-0.94993;48.086254
V0023;2023-01-28;35901;Appartement;32;106800;-0.92177;48.055456
V0248;2022-08-17;35905;Appartement;66;229500;-0.918789;48.120692
V0139;2025-12-05;35903;Appartement;78;235100;-0.872444;48.090662
V0167;2025-07-10;35903;Appartement;76;239900;-0.840045;48.086929
V0156;2023-05-19;35903;Appartement;72;164700;-0.840381;48.075497
V0119;2022-11-23;35902;Appartement;73;198400;-0.969327;48.091934
V0166;2023-12-02;35903;Appartement;70;156900;-0.878329;48.092148
V0302;2025-02-21;35906;Appartement;53;120100;-0.873637;48.112689
V0029;2022-04-06;35901;Maison;66;278100;-0.919495;48.082531
V0047;2025-08-12;35901;Maison;80;363400;-0.905926;48.099078
V0007;2023-06-06;35901;Maison;90;330700;-0.907086;48.099439
V0143;2024-09-07;35903;Appartement;51;118500;-0.886906;48.062623
V0046;2024-12-04;35901;Appartement;56;197400;-0.910279;48.076314
V0221;2022-07-27;35904;Appartement;86;173800;-1.027948;48.110851
V0216;2025-03-28;35904;Appartement;87;171500;-1.017975;48.122114
V0063;2023-05-25;35901;Maison;86;365800;-0.913112;48.079407
V0031;2024-05-07;35901;Appartement;87;291500;-0.944688;48.089586
V0082;2022-07-11;35901;Maison;127;477400;-0.944186;48.077162
V0234;2024-09-15;35905;Maison;75;234700;-0.904197;48.131521
V0151;2023-07-14;35903;Maison;98;299700;;
V0253;2024-08-21;35907;Appartement;35;102900;-0.945881;48.10798
V0103;2024-08-09;35902;Maison;115;287800;-0.989016;48.087245
V0054;2024-03-20;35901;Appartement;73;304000;-0.924742;48.064703
V0098;2024-11-19;35902;Appartement;54;156900;-0.978774;48.073654
V0021;2023-07-22;35901;Appartement;50;203100;-0.933618;48.065417
V0245;2023-10-25;35905;Maison;122;386900;-0.917981;48.124032
V0268;2024-04-25;35907;Maison;123;431800;-0.938432;48.121598
V0131;2024-03-07;35902;Maison;96;262100;-0.975413;48.057357
V0160;2025-10-20;35903;Maison;96;310500;-0.870547;48.064755
V0066;2025-07-25;35901;Maison;81;370100;-0.940759;48.078042
V0074;2022-04-15;35901;Maison;140;426300;-0.920431;48.067211
V0243;2025-02-14;35905;Maison;102;308900;-0.917762;48.10954
V0311;2025-05-26;35906;Maison;65;177600;-0.896223;48.127381
V0008;2024-03-18;35901;Appartement;34;138000;-0.939892;48.088409
V0325;2022-05-08;35906;Maison;118;222100;-0.847187;48.138441
V0175;2022-02-20;35903;Maison;137;408100;-0.904176;48.097775
V0304;2023-04-07;35906;Maison;122;325900;-0.859332;48.117126
V0130;2023-08-02;35902;Appartement;30;66300;-0.985719;48.093683
V0051;2022-01-17;35901;Maison;60;234000;-0.937533;48.083751
V0067;2022-06-10;35901;Maison;116;335100;-0.906614;48.094348
V0042;2025-12-05;35901;Maison;69;230900;-0.92581;48.076606
V0099;2023-03-03;35902;Appartement;44;122400;-0.999236;48.077043
V0186;2022-03-06;35904;Appartement;41;85200;-0.986513;48.1367
V0283;2023-07-18;35907;Appartement;47;148900;-0.937544;48.107621
V0136;2022-04-21;35903;Appartement;66;200100;-0.854355;48.081183
V0027;2022-09-15;35901;Maison;86;271400;-0.935473;48.071809
V0255;2023-09-08;35907;Maison;86;212800;-0.959815;48.130676
V0004;2023-06-28;35901;Maison;66;235200;-0.949631;48.092807
V0212;2022-04-25;35904;Maison;59;100400;-1.02317;48.121717
V0232;2022-02-02;35907;Maison;112;292000;-0.944631;48.117161
V0011;2024-03-08;35901;Appartement;;276600;-0.948815;48.079458
V0036;2024-04-17;35901;Appartement;37;119300;-0.898498;48.056337
V0159;2025-04-13;35903;Maison;66;211100;-0.902842;48.093227
V0080;2023-09-25;35901;Appartement;59;231100;-0.934751;48.091802
V0109;2022-02-08;35902;Appartement;26;61000;-1.011398;48.059213
V0121;2022-12-10;35902;Appartement;;83200;-0.997078;48.056998
V0274;2024-08-02;35905;Maison;63;235700;-0.919237;48.121825
V0115;2024-08-23;35902;Maison;60;138200;-1.0122;48.069314
V0076;2022-04-03;35901;Maison;105;444800;-0.925993;48.100913
V0133;2024-03-25;35902;Maison;114;335600;-0.975224;48.068573
V0185;2024-02-17;35904;Maison;92;226100;-1.015268;48.097966
V0165;2023-07-06;35903;Maison;55;148600;-0.846678;48.072221
V0129;2024-10-09;35902;Maison;83;217400;-0.97274;48.06376
V0120;2025-05-08;35902;Maison;85;230400;-0.965076;48.05526
V0091;2022-10-10;35902;Maison;68;179700;-0.978069;48.058897
V0337;2025-02-19;35906;Maison;90;244100;-0.880668;48.133248
V0273;2024-01-14;35905;Maison;82;264900;-0.917146;48.114474
V0331;2022-12-05;35906;Maison;69;171900;-0.888717;48.142704
V0081;2025-04-27;35901;Appartement;59;221000;-0.933126;48.09651
V0312;2023-11-05;35906;Maison;103;255600;-0.853161;48.106101
V0266;2023-11-10;35907;Appartement;64;207700;-0.938956;48.119193
V0057;2022-04-22;35901;Appartement;67;202000;-0.944663;48.08793
V0227;2024-11-25;35905;Maison;65;166600;-0.909748;48.123288
V0198;2022-01-20;35904;Appartement;43;78800;-0.98753;48.121266
V0140;2025-05-02;35903;Appartement;77;263600;-0.857252;48.099422
V0176;2025-10-21;35903;Appartement;30;85600;-0.871303;48.08482
V0173;2024-08-21;35903;Maison;111;257900;-0.840066;48.089533
V0068;2025-05-14;35901;Appartement;53;212700;-0.935907;48.092457
V0009;2023-01-08;35901;Appartement;53;213100;-0.951664;48.073299
V0019;2022-02-03;35901;Maison;85;352300;-0.906586;48.071163
V0172;2023-08-22;35903;Maison;127;379100;-0.833239;48.089792
V0330;2023-01-16;35906;Appartement;89;175200;-0.875162;48.119303
V0238;2025-07-17;35905;Maison;125;371700;-0.963042;48.121416
V0206;2024-07-11;35904;Maison;106;251200;-1.014443;48.131814
V0307;2025-07-22;35906;Appartement;55;139100;-0.836934;48.116416
V0049;2024-01-04;35901;Maison;123;445900;-0.944891;48.08679
V0018;2023-08-01;35901;Appartement;25;97300;-0.927951;48.094298
V0039;2024-10-07;35901;Appartement;44;155500;-0.953852;48.059437
V0048;2024-07-11;35901;Maison;58;239900;-0.909437;48.099606
V0292;2024-12-16;35907;Maison;114;299700;-0.944945;48.111691
V0263;2025-04-01;35905;Maison;116;350200;-0.919985;48.103589
V0142;2024-01-02;35903;Maison;137;406200;-0.841244;48.062388
V0200;2022-05-24;35904;Appartement;74;176500;-1.004658;48.115323
V0335;2023-07-21;35906;Maison;114;232900;-0.866632;48.116874
V0164;2023-04-25;35903;Maison;81;201600;-0.876761;48.086919
V0050;2024-06-14;35901;Maison;99;420100;-0.943799;48.059843
V0030;2025-01-13;35901;Maison;62;216400;-0.929435;48.065656
V0010;2022-10-23;35901;Maison;82;344000;-0.908721;48.075832
V0062;2024-09-15;35901;Appartement;79;347800;-0.922813;48.091465
V0182;2023-12-03;35904;Appartement;75;132800;-0.965841;48.108465
V0321;2023-03-13;35906;Appartement;50;113400;-0.887274;48.128457
V0134;2023-07-01;35902;Maison;126;285200;-0.968287;48.086192
V0111;2024-03-13;35902;Maison;86;209900;-0.999724;48.074227
V0230;2022-03-11;35907;Maison;81;219900;-0.955282;48.114205
V0105;2025-02-11;35902;Maison;125;262300;-0.978888;48.066172
V0247;2022-10-16;35907;Maison;81;226500;-0.936239;48.115005
V0301;2023-05-26;35906;Appartement;57;146900;-0.897809;48.109582
V0002;2022-12-21;35901;Appartement;28;103300;-0.955783;48.065731
V0003;2025-06-09;35901;Maison;75;326400;-0.94863;48.084021
V0114;2023-07-15;35902;Maison;125;330400;-0.997478;48.074387
V0281;2023-05-08;35905;Maison;72;217500;-0.930864;48.132334
V0152;2022-11-16;35903;Maison;102;313300;-0.882188;48.072223
V0204;2023-09-16;35904;Maison;120;239400;-0.968108;48.108663
V0338;2022-02-09;35906;Maison;96;185600;-0.847869;48.126763
V0177;2023-06-23;35903;Maison;62;164300;-0.882088;48.080482
V0155;2024-11-16;35903;Appartement;89;221200;-0.859752;48.074941
V0320;2025-11-20;35906;Maison;110;305200;-0.846831;48.117457
V0170;2023-06-12;35903;Appartement;90;213600;-0.901907;48.087804
V0154;2024-12-02;35903;Appartement;79;254500;-0.85451;48.078107
V0336;2023-04-15;35906;Maison;58;145300;-0.896409;48.130592
V0079;2025-08-23;35901;Maison;136;634200;-0.906459;48.060943
V0265;2022-08-10;35907;Maison;62;191900;-0.948101;48.111581
V0014;2022-09-28;35901;Maison;122;395500;-0.937635;48.084725
V0296;2024-09-21;35906;Maison;78;216200;-0.897962;48.133379
V0315;2024-07-13;35906;Maison;104;198900;-0.867326;48.12883
V0277;2023-08-22;35907;Maison;57;204800;-0.959503;48.14284
V0065;2022-02-14;35901;Appartement;44;171500;-0.952783;48.065761
V0093;2022-10-10;35902;Appartement;31;61400;-0.999407;48.05582
V0189;2023-07-17;35904;Maison;114;262700;-1.008144;48.139581
V0229;2024-02-23;35905;Maison;106;305100;-0.922271;48.109508
V0158;2024-03-19;35903;Maison;55;134800;-0.849139;48.104133
V0078;2022-06-01;35901;Maison;63;227300;-0.939524;48.076183
V0169;2025-04-11;35903;Maison;94;300600;-0.861293;48.083612
V0052;2023-11-28;35901;Appartement;67;263200;-0.937035;48.058124
V0196;2022-05-08;35904;Appartement;79;133400;-1.015837;48.133587
V0190;2025-06-18;35904;Maison;61;144400;-0.973564;48.099423
V0194;2025-03-02;35904;Appartement;67;167600;-1.032747;48.137909
V0293;2024-09-19;35907;Maison;73;184400;-0.938611;48.122271
V0041;2025-05-06;35901;Maison;71;302000;-0.905759;48.057856
V0032;2022-10-16;35901;Appartement;65;192600;-0.924395;48.082449
V0310;2024-09-13;35906;Maison;117;247800;-0.907442;48.11293
V0187;2023-06-22;35904;Maison;111;188700;-0.973806;48.131748
V0208;2022-02-03;35904;Maison;124;227500;-1.003771;48.142181
V0026;2024-11-04;35901;Appartement;31;128900;-0.934547;48.078305
V0012;2024-03-17;35901;Appartement;76;279200;-0.912714;48.07708
V0013;2025-11-14;35901;Maison;74;313600;-0.955269;48.056356
V0088;2024-09-25;35901;Maison;95;313200;-0.944788;48.06043
V0233;2024-03-27;35905;Maison;86;319200;-0.903952;48.138839
V0145;2024-04-19;35903;Maison;71;160700;-0.843325;48.063244
V0223;2023-03-14;35904;Appartement;48;110500;-0.970456;48.13233
V0211;2022-11-06;35904;Maison;120;268900;-1.028204;48.123075
V0327;2025-06-23;35906;Appartement;78;195500;-0.86996;48.143454
V0286;2023-09-17;35905;Appartement;77;275700;-0.913549;48.141105
V0333;2025-12-04;35906;Maison;93;187400;-0.853678;48.122769
V0219;2023-04-26;35904;Maison;80;185800;-0.975533;48.118283
V0236;2024-01-28;35907;Appartement;85;243400;-0.962138;48.107114
V0272;2022-08-22;35907;Maison;127;303100;-0.935763;48.119848
V0055;2024-10-20;35901;Maison;91;312800;-0.9371;48.096781
V0110;2022-05-17;35902;Maison;118;318400;-0.99515;48.057921
V0056;2024-12-06;35901;Maison;120;461600;-0.931677;48.077143
V0102;2024-01-25;35902;Maison;128;329000;-0.984524;48.05415
V0298;2023-09-15;35906;Appartement;44;80900;-0.84349;48.113146
V0270;2022-03-11;35905;Maison;128;376600;-0.911955;48.140552
V0092;2025-08-04;35902;Maison;87;263700;-0.994656;48.068005
V0267;2024-12-20;35905;Maison;116;312900;-0.923794;48.105217
V0171;2023-11-03;35903;Maison;77;216700;-0.887554;48.06364
V0203;2025-04-02;35904;Maison;113;206200;-0.988456;48.133318
V0118;2023-07-21;35902;Maison;98;246000;-1.025458;48.086835
V0201;2022-06-05;35904;Maison;129;282300;-1.016222;48.124485
V0278;2025-05-07;35905;Maison;113;344400;-0.931653;48.135833
V0001;2024-07-02;35901;Maison;124;402500;-0.945296;48.061369
V0149;2023-09-10;35903;Maison;103;333600;-0.857914;48.084958
V0084;2024-04-03;35901;Maison;126;393900;-0.904792;48.091148
V0125;2022-08-12;35902;Maison;124;246200;-0.964601;48.074638
V0117;2024-07-28;35902;Maison;56;151500;-0.998072;48.076243
V0095;2025-01-20;35902;Maison;94;248800;-1.008655;48.078705
V0178;2022-09-17;35903;Maison;111;345300;-0.866611;48.065652
V0323;2024-09-06;35906;Maison;127;265500;-0.846063;48.120337
V0334;2022-12-08;35906;Appartement;46;118600;-0.844331;48.131882
V0239;2025-02-13;35905;Appartement;40;110600;-0.913937;48.108641
V0104;2023-03-11;35902;Maison;140;281900;-0.995518;48.071026
V0024;2024-03-24;35901;Appartement;87;299600;-0.957334;48.065949
V0329;2025-05-08;35906;Maison;68;134700;-0.834062;48.117965
V0163;2025-05-02;35903;Appartement;87;256100;-0.899367;48.090165
V0020;2025-08-18;35901;Appartement;41;140700;-0.910138;48.104981
V0289;2022-06-10;35905;Appartement;52;149600;-0.915799;48.131299
V0097;2022-05-23;35902;Maison;92;172000;-1.000934;48.083515
V0107;2025-11-15;35902;Maison;134;380600;-0.998884;48.060956
V0340;2024-10-03;35906;Maison;93;258000;-0.882746;48.122059
V0241;2022-09-05;35907;Maison;74;223700;-0.943721;48.117563
V0314;2023-01-03;35906;Appartement;90;198300;-0.903438;48.120164
V0287;2023-08-28;35907;Maison;137;343600;-0.93916;48.106537
V0037;2024-03-15;35901;Maison;86;316900;-0.953624;48.071693
V0126;2024-04-13;35902;Maison;113;319500;-0.983319;48.072159
V0101;2024-07-24;35902;Maison;131;265500;-0.993598;48.074945
V0237;2022-06-02;35907;Appartement;71;227600;-0.938682;48.138618
V0195;2024-01-03;35904;Maison;115;243300;-0.966414;48.116736
V0224;2022-12-08;35904;Maison;76;131400;-0.972833;48.118852
V0300;2025-11-14;35906;Maison;119;329900;-0.890531;48.145209
V0246;2025-02-07;35905;Maison;128;490300;-0.956988;48.127696
V0183;2024-12-22;35904;Maison;71;163800;-0.993096;48.124575
V0038;2024-02-05;35901;Appartement;63;287200;-0.917379;48.055634
V0064;2025-06-11;35901;Maison;91;327900;-0.920203;48.069044
V0034;2023-11-19;35901;Maison;134;1;-0.92517;48.084282
V0299;2024-09-18;35906;Appartement;87;166700;-0.838543;48.143998
V0261;2023-06-26;35905;Appartement;48;116600;-0.917572;48.127355
V0033;2023-11-28;35901;Maison;63;244800;-0.959292;48.079541
V0168;2022-02-08;35903;Maison;101;219300;-0.895584;48.103926
V0222;2022-09-12;35904;Maison;112;220900;-1.023309;48.106863
V0328;2022-10-02;35906;Appartement;70;133400;-0.901099;48.11201
V0284;2025-06-23;35905;Appartement;73;264200;-0.962498;48.110324
V0256;2023-03-01;35907;Appartement;85;215400;-0.962384;48.113848
V0202;2022-11-15;35904;Appartement;47;106400;-1.006919;48.108522
V0193;2025-06-08;35904;Maison;61;131000;-0.970548;48.140003
V0035;2024-07-05;35901;Appartement;65;226300;-0.899293;48.066178
V0025;2025-11-14;35901;Maison;79;266800;-0.946679;48.0782
V0209;2024-08-12;35904;Appartement;79;147900;-0.984395;48.107648
V0174;2024-08-15;35903;Maison;119;277200;-0.845264;48.087551
V0269;2023-12-12;35905;Maison;122;360100;-0.920793;48.124566
V0132;2023-08-26;35902;Maison;76;164100;-1.00339;48.074973
V0260;2024-02-11;35907;Appartement;84;239200;-0.934652;48.14162
V0201;2022-06-05;35904;Maison;129;282300;-1.016222;48.124485
V0147;2022-11-17;35903;Appartement;30;85100;-0.870913;48.06799
V0244;2024-05-21;35905;Appartement;28;91100;-0.913441;48.131429
V0075;2024-03-10;35901;Appartement;39;168500;-0.910407;48.063963
V0181;2024-10-22;35904;Appartement;44;88700;-1.016186;48.134424
V0083;2022-05-11;35901;Maison;82;278100;-0.929272;48.071293
V0044;2022-09-28;35901;Maison;140;423900;-0.901713;48.066392
V0279;2022-02-04;35907;Appartement;27;70200;-0.964694;48.126388
V0271;2025-09-15;35905;Appartement;87;236300;-0.957297;48.103395
V0258;2024-09-24;35905;Maison;138;445000;-0.924295;48.1404
V0137;2022-02-05;35903;Appartement;63;173600;-0.857422;48.080718
V0090;2024-03-09;35901;Maison;56;235800;-0.942686;48.07266
V0146;2024-06-17;35903;Maison;63;175200;-0.897164;48.077217
V0294;2025-04-16;35905;Maison;103;343900;-0.945214;48.10333
V0207;2023-12-14;35904;Appartement;59;137500;-0.997087;48.11698
V0257;2023-05-11;35907;Maison;116;370900;-0.940501;48.141244
V0106;2024-01-22;35902;Maison;120;336800;-1.008076;48.095936
V0316;2022-11-13;35906;Maison;128;284000;-0.853805;48.127589
V0085;2023-08-15;35901;Maison;115;455700;-0.914745;48.080056
V0220;2025-09-05;35904;Maison;114;286400;-1.031419;48.118698
V0180;2022-11-13;35903;Maison;97;211300;-0.846026;48.090355
V0108;2022-08-04;35902;Maison;111;294200;-1.015325;48.076705
V0122;2022-03-08;35902;Maison;100;218500;-1.0276;48.087421
V0339;2025-10-04;35906;Appartement;74;190500;-0.869546;48.130658
V0225;2024-10-18;35904;Maison;71;161000;-1.020637;48.139627
V0045;2025-01-06;35901;Maison;77;357800;-0.900013;48.067798
V0179;2023-11-20;35903;Maison;107;321100;-0.880403;48.102925
V0135;2024-11-12;35902;Appartement;58;148900;-0.990847;48.073279
V0313;2025-05-04;35906;Maison;94;226500;-0.884357;48.10618
V0291;2023-09-21;35907;Maison;91;261400;-0.938548;48.105757
V0153;2022-10-18;35903;Maison;71;188800;-0.874426;48.094348
V0127;2025-12-10;35902;Maison;128;302800;-1.021779;48.068915
V0053;2022-07-23;35901;Maison;140;485500;-0.914063;48.07055
V0218;2024-12-23;35904;Maison;93;229100;-0.981801;48.120179
V0112;2023-07-11;35902;Maison;63;137200;-0.96308;48.076628
V0226;2022-10-24;35905;Appartement;44;110800;-0.931147;48.102392
V0022;2024-06-01;35901;Maison;86;297500;-0.933763;48.08089
V0188;2023-08-27;35904;Maison;123;229100;-0.979588;48.132202
V0138;2022-09-05;35903;Maison;69;150500;-0.832449;48.07344
V0059;2022-07-16;35901;Appartement;49;191800;-0.933987;48.099538
V0058;2024-08-20;35901;Maison;;209500;-0.946878;48.064332
V0332;2024-08-04;35906;Maison;121;285500;-0.885886;48.121842
V0282;2024-03-22;35905;Maison;85;245100;-0.928392;48.133344
V0303;2022-01-23;35906;Appartement;85;153800;-0.902779;48.117857
V0235;2025-04-07;35905;Maison;105;341800;-0.907036;48.119993
V0087;2025-08-09;35901;Appartement;67;254100;-0.925375;48.072372
V0317;2023-07-09;35906;Maison;73;137800;-0.898961;48.114463
V0322;2024-06-13;35906;Maison;128;338400;-0.888283;48.132557
V0116;2025-01-05;35902;Appartement;44;113100;-1.002475;48.082305
V0141;2024-11-12;35903;Maison;101;238200;-0.890152;48.07865
V0017;2022-03-12;35901;Appartement;89;334400;-0.903947;48.070791
V0150;2025-11-25;35903;Appartement;39;129600;-0.867483;48.078663
V0113;2024-11-16;35902;Maison;130;333200;-0.969668;48.066241
V0016;2024-03-17;35901;Appartement;58;268100;-0.933747;48.077659
V0290;2022-08-08;35907;Appartement;40;127500;-0.950804;48.102827
V0043;2022-05-12;35901;Maison;110;337000;-0.907416;48.085054
V0319;2025-07-11;35906;Maison;72;163500;-0.862898;48.110895
V0318;2025-12-21;35906;Maison;87;252500;-0.887921;48.13652
V0228;2024-08-21;35905;Maison;134;443000;-0.923409;48.133225
V0213;2024-08-12;35904;Maison;132;245600;-1.008566;48.139687
V0252;2024-07-27;35907;Appartement;73;264800;-0.947149;48.122545
V0210;2025-05-21;35904;Maison;133;357300;-1.031482;48.134846
V0254;2024-12-09;35905;Appartement;59;216800;-0.914838;48.105252
V0259;2022-12-28;35905;Maison;118;299300;-0.906188;48.145561
V0288;2024-11-20;35907;Maison;61;173400;-0.960882;48.129806
V0326;2024-10-16;35906;Maison;64;149000;-0.859513;48.134416
V0100;2022-08-23;35902;Appartement;61;136900;-1.017229;48.065744
V0070;2022-07-05;35901;Appartement;28;84000;-0.902599;48.085689
V0249;2025-11-25;35905;Appartement;68;225000;-0.943877;48.102198
V0005;2024-07-03;35901;Appartement;83;327400;-0.923741;48.095881
V0184;2022-03-07;35904;Maison;57;107700;-0.985926;48.113571
V0028;2023-09-04;35901;Maison;64;234200;-0.933953;48.068785
V0231;2024-09-18;35905;Maison;71;245600;-0.918168;48.138194
V0162;2025-02-12;35903;Maison;82;263100;-0.869087;48.07921
V0324;2022-05-27;35906;Appartement;51;109400;-0.83557;48.123773
V0072;2025-01-12;35901;Maison;57;252700;-0.936065;48.096876
V0148;2024-02-11;35903;Maison;111;258500;-0.876584;48.091316
V0251;2024-09-26;35905;Maison;95;295100;-0.919496;48.129435
V0086;2022-10-12;35901;Appartement;56;186000;-0.955784;48.065171
V0285;2025-04-10;35905;Maison;123;395300;-0.937995;48.10887
V0089;2023-09-20;35901;Maison;130;48500000;-0.951132;48.091497
V0276;2025-06-04;35905;Appartement;42;144800;-0.941647;48.128312
V0250;2024-04-10;35905;Maison;90;288400;-0.923998;48.103837
V0096;2022-02-06;35902;Maison;85;170000;-1.015163;48.081726
V0217;2022-06-22;35904;Maison;66;148400;-1.001842;48.13732
V0197;2024-08-20;35904;Appartement;83;147900;-1.023256;48.102849
V0295;2024-12-26;35907;Appartement;87;268200;-0.950146;48.135124
V0071;2025-06-25;35999;Maison;82;324600;-0.949985;48.067317
V0306;2022-12-27;35906;Maison;81;184400;-0.897601;48.139252
V0215;2023-05-23;35904;Appartement;40;75300;-0.996454;48.111353
V0199;2024-06-03;35904;Appartement;35;76300;-1.015331;48.112223
V0262;2024-07-27;35905;Maison;133;475900;-0.928987;48.132545
V0073;2023-04-07;35901;Appartement;30;123700;-0.920531;48.094677
V0192;2025-04-27;35904;Maison;66;174200;-0.966048;48.100134
V0094;2022-07-15;35902;Appartement;53;135300;-0.974831;48.080654
V0060;2025-04-06;35901;Maison;68;304700;-0.947303;48.087447
V0157;2023-11-27;35903;Appartement;28;79000;-0.845341;48.100391
V0123;2025-07-20;35902;Maison;77;164900;-0.989865;48.088543
V0061;2025-08-22;35901;Maison;113;388800;-0.95876;48.066468
V0161;2022-05-15;35903;Appartement;31;86200;-0.836839;48.065766
V0069;2025-08-05;35901;Appartement;76;333900;-0.96051;48.070809
